{"cameraMode":{"drawMode":0,"name":"Shaded","section":"Shading Mode"},"sceneLighting":true,"audioPlay":false,"sceneViewState":{"showFog":false,"showMaterialUpdate":false,"showSkybox":false,"showFlares":false,"showImageEffects":false,"showParticleSystems":false},"in2DMode":false,"pivot":{"x":894.7225341796875,"y":1.0004324913024903,"z":92.58113098144531},"rotation":{"x":-0.009535375982522965,"y":-0.9733856320381165,"z":0.04120808094739914,"w":-0.22523675858974458},"size":10.0,"orthographic":false}