{"cameraMode":{"drawMode":0,"name":"Shaded","section":"Shading Mode"},"sceneLighting":true,"audioPlay":false,"sceneViewState":{"showFog":false,"showMaterialUpdate":false,"showSkybox":false,"showFlares":false,"showImageEffects":false,"showParticleSystems":false},"in2DMode":false,"pivot":{"x":910.867431640625,"y":2.5818192958831789,"z":106.04100036621094},"rotation":{"x":-0.009535375982522965,"y":-0.9733856320381165,"z":0.04120808094739914,"w":-0.22523675858974458},"size":1.5155444145202637,"orthographic":false}