{"cameraMode":{"drawMode":0,"name":"Shaded","section":"Shading Mode"},"sceneLighting":false,"audioPlay":false,"sceneViewState":{"showFog":false,"showMaterialUpdate":false,"showSkybox":false,"showFlares":false,"showImageEffects":false,"showParticleSystems":false},"in2DMode":false,"pivot":{"x":661.7752075195313,"y":5.518110275268555,"z":319.69842529296877},"rotation":{"x":-0.009535375982522965,"y":-0.9733856320381165,"z":0.04120808094739914,"w":-0.22523675858974458},"size":10.0,"orthographic":false}