{"cameraMode":{"drawMode":0,"name":"Shaded","section":"Shading Mode"},"sceneLighting":true,"audioPlay":false,"sceneViewState":{"showFog":false,"showMaterialUpdate":false,"showSkybox":false,"showFlares":false,"showImageEffects":false,"showParticleSystems":false},"in2DMode":false,"pivot":{"x":367.71331787109377,"y":1.0018761157989503,"z":848.9608154296875},"rotation":{"x":-0.009535375982522965,"y":-0.9733856320381165,"z":0.04120808094739914,"w":-0.22523675858974458},"size":2.921983242034912,"orthographic":false}